code,industry
000001,金融行业
000002,房地产
000003,--
000004,软件服务
000005,--
000006,房地产
000007,房地产服务
000008,交运设备
000009,房地产
000010,工程建设
000011,房地产
000012,玻璃陶瓷
000014,房地产
000015,--
000016,家电行业
000017,珠宝首饰
000018,--
000019,贸易行业
000020,光学光电子
000021,电子信息
000023,--
000024,--
000025,珠宝首饰
000026,珠宝首饰
000027,电力行业
000028,医药商业
000029,房地产
000030,汽车行业
000031,房地产
000032,工程建设
000033,--
000034,计算机设备
000035,环保工程
000036,房地产
000037,电力行业
000038,--
000039,机械行业
000040,电力行业
000042,房地产
000045,光学光电子
000046,--
000047,--
000048,农牧饲渔
000049,电池
000050,电子器件
000055,装修装饰
000056,房地产服务
000058,商业百货
000059,石油行业
000060,有色金属
000061,贸易行业
000062,电子元件
000063,电子信息
000065,工程建设
000066,计算机设备
000068,环保工程
000069,房地产开发
000070,通讯行业
000078,医药商业
000088,交通运输
000089,民航机场
000090,房地产开发
000096,石油行业
000099,民航机场
000100,家电行业
000150,--
000151,国际贸易
000153,医药制造
000155,农药化肥
000157,机械行业
000158,综合行业
000159,石油行业
000166,金融行业
000301,综合行业
000333,家电行业
000338,汽车制造
000400,发电设备
000401,水泥建材
000402,房地产
000403,生物制品
000404,家电行业
000405,--
000406,--
000407,燃气
000408,商业百货
000409,互联网服务
000410,机械行业
000411,医药商业
000412,--
000413,光学光电子
000415,多元金融
000416,--
000417,商业百货
000419,商业百货
000420,化纤行业
000421,燃气
000423,生物制药
000425,机械行业
000426,有色金属
000429,高速公路
000430,旅游酒店
000498,工程建设
000501,商业百货
000502,--
000503,软件开发
000506,贵金属
000507,港口水运
000508,--
000509,光学光电子
000510,化学原料
000513,生物制药
000514,房地产
000515,--
000516,医疗行业
000517,房地产
000519,机械行业
000520,港口水运
000521,家电行业
000522,--
000523,食品饮料
000524,旅游酒店
000525,农药兽药
000526,文教休闲
000527,--
000528,工程机械
000529,食品饮料
000530,机械行业
000531,电力行业
000532,综合行业
000533,输配电气
000534,生物制品
000535,--
000536,光学光电子
000537,房地产
000538,生物制药
000539,电力行业
000540,--
000541,家电行业
000542,--
000543,电力行业
000544,公用事业
000545,化学原料
000546,环保行业
000547,通信设备
000548,高速公路
000549,--
000550,汽车整车
000551,环保行业
000552,煤炭采选
000553,农药兽药
000554,石油行业
000555,电子信息
000556,--
000557,交运物流
000558,旅游酒店
000559,汽车制造
000560,房地产服务
000561,通讯行业
000562,--
000563,金融行业
000564,商业百货
000565,化工行业
000566,医药制造
000567,多元金融
000568,酿酒行业
000569,--
000570,汽车零部件
000572,汽车整车
000573,房地产
000576,电源设备
000578,--
000582,交通运输
000586,通讯行业
000587,--
000591,商业百货
000596,酿酒行业
000597,医药制造
000598,环保行业
000599,橡胶制品
000600,电力行业
000601,电力行业
000602,--
000603,有色金属
000605,公用事业
000606,--
000607,文化传媒
000608,房地产服务
000609,房地产
000610,旅游酒店
000611,--
000612,有色金属
000613,--
000615,美容护理
000616,--
000617,机械行业
000618,--
000619,装修建材
000620,综合行业
000621,--
000622,--
000623,生物制药
000625,汽车制造
000626,国际贸易
000627,--
000628,工程建设
000629,钢铁行业
000630,有色金属
000631,房地产
000632,综合行业
000633,有色金属
000636,电子元件
000637,石油行业
000638,农牧饲渔
000639,食品饮料
000650,中药
000651,家电行业
000652,综合行业
000653,--
000655,钢铁行业
000656,房地产
000657,有色金属
000658,--
000659,包装材料
000660,--
000661,生物制药
000662,--
000663,木业家具
000665,文化传媒
000666,--
000667,--
000669,燃气
000670,半导体
000671,--
000672,水泥建材
000673,--
000675,--
000676,互联网服务
000677,化纤行业
000678,汽车行业
000683,化工行业
000692,公用事业
000693,--
000695,电池
000697,航天航空
000698,石油行业
000701,贸易行业
000702,农牧饲渔
000703,化纤行业
000705,医药商业
000707,化学原料
000708,钢铁行业
000709,钢铁行业
000710,医疗器械
000711,环保行业
000712,券商信托
000713,农牧饲渔
000715,商业百货
000716,食品饮料
000717,钢铁行业
000718,房地产
000719,文化传媒
000720,电网设备
000721,旅游酒店
000722,电力行业
000723,煤炭采选
000725,电子器件
000726,纺织服装
000728,金融行业
000729,酿酒行业
000730,--
000731,化肥行业
000732,--
000733,电子元件
000736,房地产
000737,有色金属
000738,飞机制造
000739,生物制药
000748,--
000750,金融行业
000751,有色金属
000752,酿酒行业
000753,汽车服务
000755,高速公路
000759,商业百货
000760,--
000761,钢铁行业
000762,能源金属
000763,--
000765,--
000766,医药制造
000767,电力行业
000768,飞机制造
000769,--
000776,金融行业
000777,机械行业
000778,钢铁行业
000779,工程咨询服务
000780,--
000782,化纤行业
000783,金融行业
000785,商业百货
000786,装修建材
000787,--
000788,医药制造
000789,水泥建材
000790,中药
000791,电力行业
000792,农药化肥
000793,文化传媒
000797,房地产
000798,农牧饲渔
000799,酿酒行业
000800,汽车整车
000801,家电行业
000802,文化传媒
000803,综合行业
000805,--
000806,--
000807,有色金属
000809,风电设备
000810,通信设备
000812,包装材料
000813,医药制造
000815,通信服务
000816,机械行业
000817,--
000818,化学原料
000819,石油行业
000820,环保工程
000821,光伏设备
000822,化学原料
000823,电子元件
000825,钢铁行业
000826,环保工程
000827,--
000828,高速公路
000829,贸易行业
000830,农药化肥
000831,小金属
000833,综合行业
000837,机械行业
000838,房地产
000839,综合行业
000848,食品饮料
000850,纺织服装
000851,--
000852,专用设备
000858,酿酒行业
000859,塑胶制品
000860,酿酒行业
000861,--
000862,电力行业
000863,房地产
000866,--
000868,汽车整车
000869,酿酒行业
000875,电力行业
000876,农林牧渔
000877,水泥建材
000878,有色金属
000880,机械行业
000881,化学制品
000882,商业百货
000883,电力行业
000885,环保行业
000886,房地产
000887,化工行业
000888,旅游酒店
000889,通信服务
000890,通用设备
000892,文化传媒
000893,食品行业
000895,食品行业
000897,房地产
000898,钢铁行业
000899,电力行业
000901,汽车行业
000902,化肥行业
000903,汽车零部件
000905,港口水运
000906,物流行业
000908,医药制造
000909,综合行业
000911,食品饮料
000912,化肥行业
000913,交运设备
000915,医药制造
000917,文化传媒
000919,化学制药
000920,环保行业
000921,家电行业
000922,电机
000923,钢铁行业
000925,交运设备
000926,房地产
000927,交运物流
000928,工程咨询服务
000929,酿酒行业
000930,农牧饲渔
000931,医药制造
000932,钢铁行业
000933,煤炭行业
000935,水泥建材
000936,化纤行业
000937,煤炭行业
000938,电子信息
000948,软件服务
000949,化纤行业
000950,医药商业
000951,汽车制造
000952,医药制造
000953,医药制造
000955,纺织服装
000957,汽车整车
000958,电力行业
000959,钢铁行业
000960,有色金属
000961,--
000962,小金属
000963,生物制药
000965,房地产
000966,电力行业
000967,发电设备
000968,燃气
000969,通用设备
000970,小金属
000971,--
000972,食品饮料
000973,塑胶制品
000975,有色金属
000976,--
000977,电子信息
000978,旅游酒店
000980,汽车整车
000981,汽车行业
000982,--
000983,煤炭行业
000985,化学制品
000987,商业百货
000988,电子元件
000989,中药
000990,化学原料
000991,--
000993,电力行业
000995,酿酒行业
000996,--
000997,电子信息
000998,农牧饲渔
000999,生物制药
001201,农牧饲渔
001202,交运物流
001203,钢铁行业
001205,港口水运
001206,美容护理
001207,橡胶制品
001208,输配电气
001209,纺织服装
001210,公用事业
001211,家用轻工
001215,食品饮料
001216,装修建材
001217,化学原料
001218,化工行业
001219,食品饮料
001221,轻工制造
001222,家用轻工
001223,专用设备
001225,通用设备
001226,工程机械
001227,银行
001228,物流行业
001229,计算机设备
001230,环保行业
001231,农药兽药
001233,橡胶制品
001234,纺织服装
001235,电网设备
001236,多元金融
001238,装修建材
001239,专用设备
001255,化学原料
001256,专用设备
001257,小金属
001258,电力行业
001259,家电行业
001260,汽车零部件
001266,仪器仪表
001267,工程建设
001268,通用设备
001269,光伏设备
001270,半导体
001277,专用设备
001278,汽车零部件
001279,造纸印刷
001280,小金属
001282,汽车零部件
001283,电池
001285,汽车零部件
001286,电力行业
001287,贸易行业
001288,工程机械
001289,电力行业
001296,非金属材料
001298,电子元件
001299,燃气
001300,家用轻工
001301,非金属材料
001306,通用设备
001308,消费电子
001309,半导体
001311,汽车零部件
001313,农牧饲渔
001316,贸易行业
001317,交运物流
001318,食品饮料
001319,汽车零部件
001322,装修建材
001323,家用轻工
001324,交运设备
001326,光学光电子
001328,美容护理
001330,文化传媒
001331,物流行业
001333,化学制品
001335,化学制品
001336,专用设备
001337,贵金属
001338,农牧饲渔
001339,计算机设备
001356,塑料制品
001358,化学原料
001359,非金属材料
001360,专用设备
001366,农牧饲渔
001367,化学制药
001368,塑料制品
001369,化纤行业
001373,光学光电子
001376,公用事业
001378,塑料制品
001379,通用设备
001380,通用设备
001382,--
001386,家用轻工
001387,家电行业
001388,电网设备
001389,电子元件
001390,--
001391,物流行业
001395,专用设备
001396,专业服务
001400,通用设备
001696,摩托车
001872,港口水运
001896,电力行业
001914,房地产服务
001965,高速公路
001979,房地产
002001,生物制药
002002,--
002003,纺织服装
002004,化学制药
002005,家电行业
002006,专用设备
002007,生物制药
002008,仪器仪表
002009,专用设备
002010,交运物流
002011,家电行业
002012,造纸印刷
002013,--
002014,包装材料
002015,电力行业
002016,房地产
002017,通讯行业
002018,--
002019,医药制造
002020,医药制造
002021,专用设备
002022,医疗器械
002023,航天航空
002024,商业百货
002025,电子器件
002026,机械行业
002027,电子信息
002028,发电设备
002029,纺织服装
002030,医疗器械
002031,专用设备
002032,家电行业
002033,旅游酒店
002034,环保工程
002035,家电行业
002036,光学光电子
002037,化工行业
002038,生物制品
002039,电力行业
002040,港口水运
002041,农牧饲渔
002042,纺织服装
002043,木业家具
002044,医疗行业
002045,消费电子
002046,机械行业
002047,装修装饰
002048,汽车行业
002049,电子器件
002050,家电行业
002051,工程建设
002052,家电行业
002053,化学原料
002054,化工行业
002055,消费电子
002056,电子器件
002057,非金属材料
002058,电网设备
002059,旅游酒店
002060,工程建设
002061,工程建设
002062,工程建设
002063,软件服务
002064,化纤行业
002065,电子信息
002066,装修建材
002067,造纸印刷
002068,橡胶制品
002070,--
002071,--
002072,贸易行业
002073,专用设备
002074,电池
002075,钢铁行业
002076,家电行业
002077,半导体
002078,造纸行业
002079,半导体
002080,化纤行业
002081,装修装饰
002082,化学制药
002083,纺织服装
002084,装修装饰
002085,汽车行业
002086,农牧饲渔
002087,--
002088,装修建材
002089,--
002090,电网设备
002091,国际贸易
002092,化学原料
002093,电信运营
002094,家用轻工
002095,电子信息
002096,化工行业
002097,工程机械
002098,纺织服装
002099,医药制造
002100,农牧饲渔
002101,汽车行业
002102,医药制造
002103,家用轻工
002104,通信设备
002105,交运设备
002106,光学光电子
002107,中药
002108,塑胶制品
002109,化学原料
002110,钢铁行业
002111,专用设备
002112,输配电气
002113,--
002114,有色金属
002115,互联网服务
002116,工程咨询服务
002117,造纸印刷
002118,--
002119,半导体
002120,交运物流
002121,电网设备
002122,机械行业
002123,通信服务
002124,农牧饲渔
002125,化学原料
002126,汽车制造
002127,贸易行业
002128,煤炭行业
002129,光伏设备
002130,发电设备
002131,机械行业
002132,通用设备
002133,房地产
002134,电子元件
002135,工程建设
002136,化学原料
002137,电子元件
002138,电子器件
002139,消费电子
002140,工程建设
002141,电子元件
002142,金融行业
002143,--
002144,纺织服装
002145,化学原料
002146,房地产服务
002147,--
002149,小金属
002150,光伏设备
002151,通信设备
002152,电子信息
002153,电子信息
002154,纺织服装
002155,有色金属
002156,电子器件
002157,农林牧渔
002158,机械行业
002159,旅游酒店
002160,有色金属
002161,电子元件
002162,装修建材
002163,玻璃陶瓷
002164,通用设备
002165,化工行业
002166,中药
002168,电网设备
002169,输配电气
002170,化肥行业
002171,有色金属
002172,医疗服务
002173,医疗行业
002174,游戏
002175,仪器仪表
002176,电机
002177,计算机设备
002178,软件服务
002179,电子器件
002180,计算机设备
002181,文化传媒
002182,有色金属
002183,贸易行业
002184,专用设备
002185,电子器件
002186,旅游酒店
002187,商业百货
002188,房地产服务
002189,光学光电子
002190,汽车零部件
002191,包装材料
002192,能源金属
002194,通讯行业
002195,电子信息
002196,电机
002197,计算机设备
002198,中药
002199,电子元件
002201,玻璃陶瓷
002202,风电设备
002203,有色金属
002204,工程机械
002205,水泥建材
002206,化纤行业
002207,采掘行业
002210,环保行业
002211,化学制品
002212,软件开发
002214,电子元件
002215,农药兽药
002216,食品饮料
002217,光学光电子
002218,光伏设备
002220,--
002221,石油行业
002222,光学光电子
002223,医疗器械
002224,橡胶制品
002226,化工行业
002227,电源设备
002228,包装材料
002229,造纸印刷
002230,电子信息
002231,通信服务
002232,互联网服务
002233,水泥建材
002234,农牧饲渔
002235,造纸印刷
002236,仪器仪表
002237,贵金属
002238,文化传媒
002239,汽车行业
002241,电子器件
002242,家电行业
002243,美容护理
002244,房地产
002245,电池
002246,化工行业
002247,装修装饰
002248,机械行业
002249,电机
002250,农药兽药
002251,商业百货
002252,生物制药
002253,软件服务
002254,化纤行业
002255,电源设备
002257,--
002258,农药兽药
002259,燃气
002260,--
002261,软件开发
002263,塑料制品
002265,汽车制造
002266,电器行业
002267,燃气
002268,软件服务
002269,纺织服装
002271,建筑建材
002273,电子器件
002275,中药
002276,输配电气
002277,商业百货
002278,专用设备
002279,软件服务
002280,--
002281,通信
002282,机械行业
002283,汽车行业
002284,汽车行业
002285,房地产服务
002286,食品饮料
002287,中药
002288,--
002289,光学光电子
002290,家电行业
002291,互联网服务
002292,文化传媒
002293,纺织服装
002295,有色金属
002297,航天航空
002298,电网设备
002299,农林牧渔
002302,水泥建材
002303,包装材料
002304,酿酒行业
002307,工程建设
002309,光伏设备
002310,电力行业
002311,农林牧渔
002312,化肥行业
002313,通讯行业
002314,房地产
002315,电子信息
002316,电子信息
002317,中药
002318,钢铁行业
002319,化工行业
002320,港口水运
002321,农牧饲渔
002322,软件服务
002323,装修建材
002324,塑胶制品
002325,--
002326,化工行业
002327,纺织服装
002328,汽车零部件
002330,食品饮料
002333,装修建材
002334,专用设备
002335,电器行业
002336,--
002337,专用设备
002338,仪器仪表
002339,电网设备
002340,有色金属
002341,--
002343,文化传媒
002344,商业百货
002346,输配电气
002347,机械行业
002350,输配电气
002352,交运物流
002353,专用设备
002354,互联网服务
002355,汽车行业
002356,贸易行业
002357,高速公路
002358,输配电气
002359,--
002360,化工行业
002361,塑料制品
002362,软件服务
002363,汽车行业
002364,电源设备
002365,医药制造
002366,电源设备
002370,医药制造
002371,电子器件
002372,建筑建材
002373,互联网服务
002374,包装材料
002375,装修装饰
002379,有色金属
002380,电子信息
002381,橡胶制品
002382,医疗器械
002383,计算机设备
002385,农林牧渔
002386,化学原料
002390,中药
002391,农药兽药
002394,纺织服装
002395,塑胶制品
002396,通讯行业
002397,纺织服装
002398,装修建材
002399,医药制造
002400,文化传媒
002401,互联网服务
002402,电子器件
002404,纺织服装
002405,软件服务
002407,化工行业
002409,化工行业
002410,软件服务
002411,--
002414,电子元件
002415,仪器仪表
002416,商业百货
002417,--
002418,家电行业
002419,商业百货
002420,家电行业
002421,软件开发
002422,医药制造
002423,钢铁行业
002424,中药
002425,游戏
002426,通用设备
002427,化纤行业
002428,小金属
002429,家电行业
002430,专用设备
002431,工程建设
002432,医疗器械
002433,--
002434,汽车行业
002435,--
002436,电子元件
002439,软件服务
002440,化工行业
002441,输配电气
002442,橡胶制品
002443,钢铁行业
002444,通用设备
002445,通用设备
002446,通讯行业
002447,--
002448,汽车行业
002451,输配电气
002452,输配电气
002453,化学制品
002454,汽车行业
002455,化工行业
002456,光学光电子
002457,装修建材
002458,农牧饲渔
002459,光伏设备
002460,有色金属
002461,酿酒行业
002462,医药商业
002463,电子器件
002464,--
002465,国防军工
002466,能源金属
002467,电信运营
002468,交运物流
002469,化学原料
002470,化肥行业
002471,输配电气
002472,汽车零部件
002473,--
002474,互联网服务
002475,电子器件
002476,化工行业
002477,--
002478,钢铁行业
002479,环保工程
002480,机械行业
002481,食品饮料
002483,专用设备
002484,电子元件
002485,纺织服装
002486,纺织服装
002488,汽车行业
002489,家用轻工
002490,专用设备
002491,通讯行业
002492,交运物流
002494,纺织服装
002495,食品饮料
002497,化工行业
002498,输配电气
002500,金融行业
002501,有色金属
002502,--
002503,--
002508,家电行业
002510,汽车行业
002512,计算机设备
002514,通用设备
002515,食品饮料
002516,汽车零部件
002517,游戏
002518,电源设备
002519,家电行业
002520,机械行业
002521,造纸印刷
002522,塑料制品
002523,专用设备
002524,医疗行业
002525,食品饮料
002526,专用设备
002527,专用设备
002528,软件开发
002529,专用设备
002530,通用设备
002531,风电设备
002532,有色金属
002533,输配电气
002534,电源设备
002535,专用设备
002536,汽车行业
002537,汽车零部件
002538,化肥行业
002539,化肥行业
002541,水泥建材
002542,工程建设
002543,家电行业
002544,通信服务
002545,钢铁行业
002546,输配电气
002547,汽车零部件
002548,农牧饲渔
002549,化工行业
002550,化学制药
002551,医疗器械
002552,通用设备
002553,汽车行业
002554,采掘行业
002555,游戏
002556,化肥行业
002557,食品饮料
002558,游戏
002559,机械行业
002560,输配电气
002561,商业百货
002562,化学制品
002563,纺织服装
002564,专用设备
002565,包装材料
002566,中药
002567,农牧饲渔
002568,酿酒行业
002569,纺织服装
002570,食品饮料
002572,木业家具
002573,环保工程
002574,珠宝首饰
002575,房地产服务
002576,电机
002577,消费电子
002578,有色金属
002579,电子元件
002580,电池
002581,生物制品
002582,食品饮料
002583,通信
002585,塑料制品
002586,工程建设
002587,光学光电子
002588,化肥行业
002589,医药商业
002590,汽车零部件
002591,互联网服务
002592,汽车行业
002593,汽车零部件
002594,汽车制造
002595,专用设备
002596,水泥建材
002597,食品饮料
002598,机械行业
002599,包装材料
002600,电子器件
002601,化学原料
002602,游戏
002603,中药
002604,--
002605,游戏
002606,输配电气
002607,汽车制造
002608,船舶制造
002609,电子信息
002610,--
002611,专用设备
002612,纺织服装
002613,玻璃玻纤
002614,家电行业
002615,家用轻工
002616,电力行业
002618,--
002619,--
002620,装修装饰
002621,--
002622,医疗服务
002623,光伏设备
002624,游戏
002625,汽车制造
002626,食品饮料
002627,旅游酒店
002628,工程建设
002629,采掘行业
002630,电源设备
002631,木业家具
002632,塑料制品
002633,机械行业
002634,纺织服装
002635,消费电子
002636,电子元件
002637,化工行业
002638,光学光电子
002639,机械行业
002640,国际贸易
002641,装修建材
002642,互联网服务
002643,电子化学品
002644,中药
002646,酿酒行业
002647,多元金融
002648,化学原料
002650,食品饮料
002651,专用设备
002652,装修建材
002653,医药制造
002654,文化传媒
002655,消费电子
002658,仪器仪表
002659,文教休闲
002660,消费电子
002661,食品饮料
002662,汽车行业
002664,汽车零部件
002666,化学制品
002667,能源金属
002668,家电行业
002669,化学制品
002670,电器行业
002671,水泥建材
002672,环保工程
002673,金融行业
002674,纺织服装
002675,医药制造
002676,家电行业
002677,家电行业
002678,家用轻工
002679,农牧饲渔
002680,--
002681,消费电子
002682,交运物流
002683,采掘行业
002684,--
002685,机械行业
002686,机械行业
002687,纺织服装
002688,农药兽药
002689,专用设备
002690,专用设备
002691,专用设备
002692,输配电气
002693,生物制品
002694,装修建材
002695,食品饮料
002696,农牧饲渔
002697,商业百货
002698,专用设备
002699,--
002700,燃气
002702,食品饮料
002703,汽车行业
002705,家电行业
002706,输配电气
002707,旅游酒店
002710,医药制造
002712,文化传媒
002713,装修装饰
002714,农林牧渔
002715,汽车行业
002716,贵金属
002717,环保工程
002718,木业家具
002719,食品饮料
002721,珠宝首饰
002722,纺织服装
002724,电子元件
002725,汽车行业
002726,食品饮料
002728,中药
002729,电子元件
002730,专用设备
002731,珠宝首饰
002732,食品饮料
002733,电池
002735,包装材料
002736,金融行业
002737,中药
002738,建筑建材
002739,传媒娱乐
002740,--
002741,电子化学品
002742,水泥建材
002743,水泥建材
002745,光学光电子
002746,农牧饲渔
002747,机械行业
002748,化学原料
002749,农药兽药
002750,--
002751,--
002752,包装材料
002753,橡胶制品
002755,医药制造
002756,钢铁行业
002757,专用设备
002758,综合行业
002759,电池
002760,通用设备
002761,工程建设
002762,纺织服装
002765,光学光电子
002766,汽车零部件
002767,仪器仪表
002768,塑胶制品
002771,互联网服务
002772,农牧饲渔
002773,医药制造
002774,专用设备
002775,工程建设
002776,--
002777,电子信息
002778,环保行业
002779,专用设备
002780,纺织服装
002781,--
002782,电子元件
002787,包装材料
002788,医药商业
002789,装修装饰
002790,装修建材
002791,装修建材
002792,通讯行业
002793,医药制造
002795,机械行业
002796,专用设备
002797,非银金融
002798,装修建材
002799,包装材料
002800,交运物流
002801,电机
002802,化工行业
002803,文化传媒
002805,电池
002806,汽车零部件
002807,银行
002808,光学光电子
002809,化工行业
002810,化工行业
002811,专业服务
002813,汽车零部件
002815,电子元件
002817,医疗器械
002818,商业百货
002819,仪器仪表
002820,食品饮料
002821,医疗行业
002822,装修装饰
002823,电机
002824,有色金属
002825,塑胶制品
002826,中药
002827,化工行业
002828,采掘行业
002829,通信设备
002830,装修装饰
002831,造纸印刷
002832,纺织服装
002833,专用设备
002835,计算机设备
002836,造纸印刷
002837,专用设备
002838,塑胶制品
002839,银行
002840,食品饮料
002841,消费电子
002842,小金属
002845,光学光电子
002846,包装材料
002847,食品饮料
002848,家电行业
002849,仪器仪表
002850,电池
002851,电源设备
002852,食品饮料
002853,木业家具
002855,消费电子
002856,装修装饰
002857,电网设备
002858,文化传媒
002862,家用轻工
002863,汽车行业
002864,中药
002865,光伏设备
002866,消费电子
002869,电子元件
002870,汽车零部件
002871,机械行业
002872,化学制药
002873,中药
002875,纺织服装
002878,文化传媒
002880,生物制品
002881,消费电子
002882,输配电气
002883,工程咨询服务
002884,机械行业
002885,消费电子
002886,塑胶制品
002887,环保行业
002888,消费电子
002891,农牧饲渔
002893,公用事业
002895,化学原料
002896,机械行业
002897,光伏设备
002898,医药制造
002899,家用轻工
002900,医药制造
002901,医疗器械
002902,通信设备
002906,汽车零部件
002907,中药
002908,软件开发
002909,化工行业
002910,食品饮料
002911,燃气
002912,互联网服务
002913,电子元件
002915,化工行业
002916,电子元件
002917,化工行业
002918,装修建材
002919,游戏
002920,汽车行业
002922,电子元件
002923,医药制造
002925,消费电子
002926,非银金融
002927,输配电气
002928,民航机场
002929,通信服务
002930,交运物流
002931,通用设备
002932,医疗器械
002933,航天航空
002935,通信设备
002937,消费电子
002938,电子元件
002939,非银金融
002940,医药制造
002941,工程建设
002942,农药兽药
002943,通用设备
002945,非银金融
002946,食品饮料
002947,消费电子
002949,工程咨询服务
002950,医疗器械
002951,电源设备
002952,光学光电子
002953,电网设备
002955,光学光电子
002956,食品饮料
002957,专用设备
002958,银行
002959,家电行业
002960,专用设备
002961,多元金融
002962,光学光电子
002963,装修装饰
002965,通用设备
002966,银行
002967,专业服务
002968,房地产服务
002969,包装材料
002970,计算机设备
002971,化工行业
002972,交运设备
002973,环保行业
002975,专用设备
002976,汽车零部件
002977,通信设备
002979,专用设备
002980,仪器仪表
002981,消费电子
002982,农牧饲渔
002983,光学光电子
002984,橡胶制品
002985,航天航空
002986,化工行业
002987,软件服务
002988,有色金属
002989,装修装饰
002990,互联网服务
002991,食品饮料
002992,光学光电子
002993,消费电子
002995,文化传媒
002996,有色金属
002997,汽车零部件
002998,化纤行业
002999,化肥行业
003000,食品饮料
003001,工程咨询服务
003002,化工行业
003003,包装材料
003004,安防设备
003005,互联网服务
003006,美容护理
003007,软件服务
003008,专业服务
003011,塑胶制品
003017,化学原料
003019,光学光电子
003020,化学制药
003021,电机
003022,化工行业
003023,家电行业
003025,机械行业
003026,半导体
003027,环保工程
003028,消费电子
003029,软件服务
003030,食品饮料
003031,通信设备
003032,文教休闲
003033,汽车零部件
003035,专业服务
003036,专用设备
003038,有色金属
003039,公用事业
003040,通信设备
003043,通用设备
003816,电力行业
300001,发电设备
300003,医疗器械
300004,专用设备
300005,纺织服装
300006,医药制造
300007,仪器仪表
300008,船舶制造
300009,生物制品
300014,电子器件
300015,医疗器械
300016,医药制造
300017,互联网服务
300019,化工行业
300020,互联网服务
300021,农牧饲渔
300023,--
300024,机械行业
300025,通信服务
300026,中药
300027,文化传媒
300028,--
300029,光伏设备
300030,医疗器械
300031,游戏
300032,消费电子
300034,有色金属
300035,非金属材料
300037,电池
300038,--
300039,中药
300040,电力行业
300041,化工行业
300042,半导体
300043,游戏
300044,互联网服务
300045,计算机设备
300046,半导体
300047,软件服务
300048,专用设备
300049,医疗器械
300050,通信服务
300051,光伏设备
300053,半导体
300054,电子化学品
300055,环保工程
300056,环保工程
300057,有色金属
300058,印刷包装
300059,非银金融
300061,文化传媒
300062,输配电气
300065,船舶制造
300066,仪器仪表
300067,化工行业
300068,电池
300069,电网设备
300070,环保行业
300071,文化传媒
300072,化工行业
300073,电池
300074,软件服务
300075,软件服务
300076,光学光电子
300077,半导体
300082,化学原料
300083,通用设备
300086,医药制造
300087,农牧饲渔
300092,机械行业
300095,机械行业
300098,软件开发
300099,专用设备
300100,汽车制造
300101,通讯行业
300102,光学光电子
300103,专用设备
300104,--
300105,电源设备
300106,食品饮料
300107,化工行业
300108,--
300109,化工行业
300110,医药制造
300112,仪器仪表
300113,游戏
300115,消费电子
300116,--
300118,光伏设备
300119,农药兽药
300120,光学光电子
300121,橡胶制品
300122,生物制品
300123,船舶制造
300124,仪器仪表
300125,光伏设备
300126,机械行业
300127,小金属
300128,光学光电子
300129,风电设备
300130,计算机设备
300131,消费电子
300132,美容护理
300133,文化传媒
300134,通讯行业
300135,化工行业
300136,消费电子
300137,环保工程
300138,农牧饲渔
300139,贵金属
300140,电器行业
300141,输配电气
300142,生物制品
300143,医疗行业
300144,酒店旅游
300145,机械行业
300146,食品行业
300149,医疗行业
300150,电子信息
300151,专用设备
300152,环保工程
300153,电源设备
300154,机械行业
300155,安防设备
300158,医药制造
300160,家电行业
300162,光学光电子
300164,采掘行业
300168,互联网服务
300169,化学制品
300170,互联网服务
300171,医疗器械
300172,环保工程
300173,专用设备
300174,化工行业
300176,汽车行业
300177,计算机设备
300178,--
300179,通用设备
300180,塑胶制品
300183,通信服务
300184,贸易行业
300185,风电设备
300186,--
300187,环保工程
300188,软件服务
300189,农牧饲渔
300190,环保工程
300191,采掘行业
300192,教育
300193,机械行业
300194,医药制造
300195,专用设备
300196,玻璃玻纤
300197,环保行业
300198,装修建材
300200,化学制品
300201,工程机械
300202,--
300204,生物制品
300205,通信设备
300206,医疗器械
300207,电池
300211,通信服务
300212,互联网服务
300214,塑胶制品
300215,专业服务
300216,--
300217,专用设备
300219,光学光电子
300221,塑胶制品
300222,输配电气
300223,半导体
300224,小金属
300225,化工行业
300227,电子元件
300228,专用设备
300230,塑胶制品
300232,光学光电子
300233,医药制造
300234,装修建材
300235,软件开发
300236,电子化学品
300237,汽车零部件
300238,医疗器械
300239,生物制品
300240,交运物流
300241,光学光电子
300242,文化传媒
300243,塑料制品
300244,医疗服务
300246,医疗器械
300247,家电行业
300248,互联网服务
300249,软件服务
300250,电子信息
300251,传媒娱乐
300252,通讯行业
300253,软件服务
300254,医药制造
300255,医药制造
300256,消费电子
300258,汽车行业
300261,农药兽药
300265,输配电气
300269,互联网服务
300274,电器行业
300276,专用设备
300277,互联网服务
300281,专用设备
300282,--
300283,电网设备
300285,化工行业
300286,输配电气
300288,电子信息
300289,医疗器械
300292,通信服务
300293,专用设备
300294,生物制品
300295,互联网服务
300296,光学光电子
300297,--
300298,医疗器械
300299,游戏
300300,互联网服务
300301,光学光电子
300302,软件服务
300303,光学光电子
300304,汽车行业
300306,仪器仪表
300307,专用设备
300308,通信
300309,--
300310,通信服务
300311,软件服务
300314,医疗器械
300324,互联网服务
300325,--
300327,半导体
300328,小金属
300330,--
300332,燃气
300333,软件开发
300335,环保工程
300336,--
300338,文教休闲
300344,软件服务
300347,医疗器械
300349,仪器仪表
300351,交运设备
300353,通讯行业
300354,仪器仪表
300355,环保工程
300356,--
300357,生物制品
300358,医疗器械
300359,文教休闲
300360,电网设备
300361,医药制造
300362,--
300363,医药制造
300364,文化传媒
300365,软件服务
300366,软件开发
300367,--
300368,计算机设备
300369,软件服务
300370,仪器仪表
300371,仪器仪表
300378,软件服务
300379,软件服务
300380,软件开发
300383,通信
300391,中药
300392,--
300394,通信
300395,玻璃行业
300397,通信设备
300398,电子化学品
300399,电子信息
300400,专用设备
300402,专用设备
300403,家电行业
300404,医疗服务
300406,医疗器械
300407,电网设备
300409,非金属材料
300410,专用设备
300411,专用设备
300412,专用设备
300413,商业百货
300414,通信设备
300415,专用设备
300417,仪器仪表
300418,互联网服务
300420,机械行业
300421,通用设备
300423,输配电气
300424,航天航空
300425,环保工程
300426,文化传媒
300429,电子化学品
300432,汽车行业
300438,电池
300442,通信
300451,软件服务
300452,医药制造
300453,医疗器械
300454,软件服务
300455,计算机设备
300456,半导体
300457,电池
300459,游戏
300462,交运设备
300463,医疗器械
300464,互联网服务
300465,软件服务
300469,软件服务
300472,专用设备
300474,电子元件
300477,输配电气
300478,塑胶制品
300479,计算机设备
300484,专用设备
300487,塑料制品
300489,有色金属
300490,输配电气
300491,电源设备
300492,工程咨询服务
300493,贸易行业
300494,游戏
300495,--
300496,电子信息
300497,医药制造
300498,农牧饲渔
300499,专用设备
300500,工程咨询服务
300501,包装材料
300502,通信
300503,机械行业
300504,通讯行业
300505,化肥行业
300506,装修装饰
300507,汽车行业
300508,互联网服务
300509,专用设备
300510,输配电气
300511,农牧饲渔
300512,专用设备
300513,通信服务
300514,电网设备
300515,仪器仪表
300516,电子元件
300517,工程建设
300518,互联网服务
300520,软件服务
300521,专用设备
300522,化工行业
300523,互联网服务
300525,软件服务
300526,--
300527,专用设备
300528,文化传媒
300529,医疗器械
300530,电池
300531,计算机设备
300532,互联网服务
300533,游戏
300534,中药
300535,化工行业
300536,工程建设
300537,电子化学品
300538,塑胶制品
300539,塑胶制品
300540,专用设备
300541,互联网服务
300542,软件服务
300543,消费电子
300545,光学光电子
300546,计算机设备
300547,橡胶制品
300548,通讯行业
300549,专用设备
300550,软件服务
300551,计算机设备
300552,软件服务
300553,仪器仪表
300554,机械行业
300555,通讯行业
300556,软件服务
300557,仪器仪表
300558,医药制造
300559,软件服务
300560,通信服务
300561,软件服务
300562,医疗器械
300563,通信设备
300566,光学光电子
300567,仪器仪表
300568,电池
300569,风电设备
300570,通信
300571,通信服务
300572,专业服务
300573,医药制造
300575,农药兽药
300577,纺织服装
300578,通信服务
300579,软件服务
300580,汽车行业
300581,航天航空
300582,光学光电子
300583,医药制造
300584,医药制造
300585,汽车行业
300586,塑料制品
300587,橡胶制品
300588,软件开发
300589,船舶制造
300590,通讯行业
300591,纺织服装
300592,互联网服务
300593,电源设备
300595,医疗器械
300596,塑料制品
300598,软件服务
300599,装修建材
300600,船舶制造
300602,消费电子
300603,通信服务
300605,软件服务
300606,机械行业
300607,机械行业
300608,软件服务
300609,电子信息
300610,塑料制品
300611,汽车零部件
300612,文化传媒
300613,半导体
300615,通讯行业
300616,木业家具
300617,电网设备
300618,能源金属
300619,电池
300620,通讯行业
300621,装修装饰
300622,商业百货
300623,半导体
300624,软件服务
300625,家电行业
300627,通信设备
300628,通讯行业
300629,通信设备
300630,--
300631,环保行业
300633,医疗器械
300635,工程咨询服务
300637,化学制品
300638,通讯行业
300640,工艺商品
300641,化工行业
300642,医疗器械
300643,汽车行业
300644,塑胶制品
300645,互联网服务
300647,消费电子
300648,电池
300649,工程咨询服务
300650,光学光电子
300651,家用轻工
300652,汽车行业
300654,文化传媒
300659,软件服务
300661,半导体
300665,化工行业
300666,半导体
300668,工程咨询服务
300669,专用设备
300671,半导体
300673,农牧饲渔
300674,互联网服务
300676,医疗器械
300677,医疗器械
300678,互联网服务
300679,消费电子
300681,汽车零部件
300683,生物制品
300688,教育
300690,风电设备
300696,航天航空
300697,有色金属
300698,通讯行业
300700,通用设备
300701,光学光电子
300705,医药制造
300707,汽车行业
300708,光学光电子
300709,消费电子
300710,通讯行业
300711,通讯行业
300712,工程建设
300713,电源设备
300716,光伏设备
300717,塑胶制品
300719,航天航空
300720,仪器仪表
300721,化工行业
300722,航天航空
300723,医药制造
300724,光伏设备
300725,化学制药
300726,电子元件
300727,化工行业
300728,玻璃陶瓷
300729,家用轻工
300730,软件服务
300731,橡胶制品
300732,工程咨询服务
300733,汽车行业
300735,消费电子
300742,--
300743,非金属材料
300745,汽车行业
300750,电池
300751,光伏设备
300752,光学光电子
300755,贸易行业
300756,旅游酒店
300757,专用设备
300758,化工行业
300759,医疗服务
300760,医疗器械
300761,农牧饲渔
300762,通讯行业
300763,光伏设备
300766,电子信息
300767,橡胶制品
300769,电池
300771,计算机设备
300774,环保工程
300775,航天航空
300776,光伏设备
300777,化纤行业
300778,工程咨询服务
300779,环保工程
300780,机械行业
300781,文化传媒
300785,电子信息
300787,消费电子
300788,文化传媒
300789,软件服务
300790,光学光电子
300791,食品饮料
300792,互联网服务
300795,文化传媒
300807,计算机设备
300811,小金属
300814,电子元件
300815,环保行业
300816,汽车零部件
300817,机械行业
300818,专用设备
300819,纺织服装
300823,专用设备
300824,家电行业
300825,汽车服务
300826,工程咨询服务
300828,有色金属
300829,食品饮料
300830,软件服务
300832,医疗器械
300833,专用设备
300834,化学原料
300835,小金属
300836,专用设备
300837,专用设备
300838,仪器仪表
300839,石油行业
300840,纺织服装
300841,生物制品
300842,光伏设备
300843,消费电子
300844,园林工程
300845,软件服务
300846,互联网服务
300847,消费电子
300848,化工行业
300849,美容护理
300850,风电设备
300851,交运设备
300853,通用设备
300856,美容护理
300866,消费电子
300867,环保工程
300869,医疗器械
300870,电源设备
300872,互联网服务
300877,纺织服装
300879,专用设备
300882,电网设备
300883,造纸印刷
300884,计算机设备
300885,通用设备
300886,美容护理
300887,专业服务
300888,美容护理
300890,电池
300891,化学原料
300893,汽车行业
300894,家电行业
300895,互联网服务
300896,美容护理
300897,仪器仪表
300898,食品饮料
300899,环保工程
300901,纺织服装
300902,专用设备
300903,电子元件
300905,塑料制品
300906,交运设备
300908,食品饮料
300909,光学光电子
300917,房地产服务
300918,纺织服装
300920,塑胶制品
300921,通信服务
300922,塑胶制品
300923,交运设备
300925,软件服务
300926,汽车行业
300927,化学原料
300929,环保工程
300930,有色金属
300931,专用设备
300933,输配电气
300937,医药商业
300940,光学光电子
300941,互联网服务
300942,医药制造
300943,机械行业
300945,珠宝首饰
300950,专用设备
300951,消费电子
300952,纺织服装
300953,电池
300955,美容护理
300956,消费电子
300957,美容护理
300958,环保工程
300959,通信服务
300960,交运设备
300961,环保工程
300962,专业服务
300963,有色金属
300964,电子元件
300965,航天航空
300966,医药制造
300967,农牧饲渔
300968,消费电子
300969,汽车行业
300971,机械行业
300972,商贸零售
300973,食品饮料
300975,贸易行业
300976,消费电子
300977,工程咨询服务
300978,汽车行业
300979,纺织服装
300980,塑胶制品
300981,医疗器械
300982,工程建设
300983,工程咨询服务
300985,通用设备
300986,装修装饰
300987,文化传媒
300988,通用设备
300989,工程咨询服务
300990,通用设备
300991,电子元件
300992,机械行业
300993,装修装饰
300994,交运设备
300995,塑胶制品
300996,软件服务
300997,食品饮料
300998,汽车行业
300999,食品饮料
301000,塑胶制品
301001,电子信息
301002,电网设备
301003,塑胶制品
301004,家用轻工
301005,汽车行业
301006,仪器仪表
301007,汽车行业
301009,美容护理
301010,装修建材
301011,专用设备
301012,输配电气
301013,专用设备
301017,医药商业
301018,专用设备
301019,塑胶制品
301020,汽车零部件
301021,电子元件
301022,汽车零部件
301023,电机
301024,工程建设
301025,文化传媒
301026,小金属
301027,工程咨询服务
301028,机械行业
301029,机械行业
301030,专用设备
301031,输配电气
301032,机械行业
301033,医疗行业
301035,农药兽药
301036,化工行业
301037,化工行业
301039,汽车整车
301042,安防设备
301048,交运设备
301049,环保工程
301050,半导体
301051,消费电子
301052,文化传媒
301053,专用设备
301055,通用设备
301056,专用设备
301057,化纤行业
301058,工程建设
301059,化学原料
301060,医疗器械
301061,家电行业
301062,包装材料
301063,风电设备
301066,纺织服装
301067,消费电子
301068,环保工程
301069,化学原料
301070,专用设备
301072,汽车行业
301073,旅游酒店
301075,医药制造
301076,化学原料
301077,化学制品
301078,商业百货
301079,机械行业
301080,医疗服务
301081,环保工程
301082,输配电气
301083,专用设备
301085,互联网服务
301086,消费电子
301087,医疗器械
301088,纺织服装
301089,医药制造
301091,工程咨询服务
301092,化工行业
301093,医疗器械
301095,半导体
301098,工程建设
301099,国际贸易
301100,化学制品
301101,家用轻工
301102,文化传媒
301103,医疗服务
301105,专用设备
301106,光学光电子
301107,通用设备
301108,美容护理
301109,环保行业
301110,互联网服务
301111,中药
301112,专用设备
301115,专业服务
301116,食品饮料
301117,软件开发
301118,化学原料
301120,电网设备
301121,电池
301123,消费电子
301126,医药商业
301127,环保行业
301128,专用设备
301129,仪器仪表
301130,化学制药
301131,塑料制品
301132,电子元件
301133,汽车行业
301135,消费电子
301136,工程咨询服务
301137,通用设备
301138,专用设备
301139,通信服务
301141,小金属
301148,环保行业
301149,化学原料
301150,电池
301151,通用设备
301152,电池
301153,软件开发
301155,风电设备
301156,农牧饲渔
301158,专用设备
301160,汽车零部件
301161,塑料制品
301163,风电设备
301165,通信设备
301166,生物制品
301167,工程咨询服务
301168,光伏设备
301169,专业服务
301170,汽车零部件
301171,互联网服务
301173,汽车零部件
301176,电子元件
301178,软件服务
301179,软件服务
301180,消费电子
301181,汽车零部件
301182,消费电子
301183,光学光电子
301185,软件服务
301187,家电行业
301188,玻璃陶瓷
301189,通信设备
301190,化学制品
301191,通信设备
301192,汽车零部件
301193,塑料制品
301195,软件开发
301196,塑料制品
301197,软件开发
301198,塑料制品
301199,专用设备
301200,专用设备
301201,医疗服务
301202,通用设备
301203,环保行业
301205,通信设备
301206,食品饮料
301207,生物制品
301208,软件开发
301209,化学原料
301210,电池
301211,化学制药
301212,化学制品
301213,软件服务
301215,汽车服务
301216,化学制品
301217,电子元件
301218,软件开发
301219,能源金属
301220,化学制品
301221,软件服务
301222,电池
301223,包装材料
301225,汽车零部件
301226,电机
301227,装修建材
301228,专业服务
301229,汽车零部件
301230,生物制品
301231,文化传媒
301233,橡胶制品
301234,医疗器械
301235,医疗服务
301236,软件开发
301237,塑料制品
301238,电池
301239,医疗服务
301246,化学制药
301248,软件开发
301252,通用设备
301255,通用设备
301256,化学原料
301257,医疗服务
301258,化学制药
301259,环保行业
301260,专用设备
301261,通用设备
301262,文化传媒
301263,医药商业
301265,环保行业
301266,光伏设备
301267,医疗服务
301269,软件开发
301270,互联网服务
301272,专用设备
301273,通用设备
301275,通信设备
301276,纺织服装
301277,化学制药
301279,通用设备
301280,电子元件
301281,化学制药
301282,电子元件
301283,化学制品
301285,电子元件
301286,化学原料
301287,家用轻工
301288,环保行业
301289,专业服务
301290,医疗器械
301291,电网设备
301292,化学制品
301293,医疗服务
301295,电网设备
301296,包装材料
301297,半导体
301298,汽车零部件
301299,互联网服务
301300,化学制品
301301,生物制品
301302,软件开发
301303,仪器仪表
301305,环保行业
301306,专业服务
301307,通信设备
301308,半导体
301309,通用设备
301310,电网设备
301311,通用设备
301312,专用设备
301313,软件开发
301314,通信设备
301315,软件开发
301316,软件开发
301317,通用设备
301318,消费电子
301319,电子元件
301320,电子元件
301321,光学光电子
301322,交运设备
301323,塑料制品
301325,电池
301326,消费电子
301327,电池
301328,电子元件
301329,电子元件
301331,中药
301332,家电行业
301333,医疗服务
301335,家用轻工
301336,家用轻工
301337,软件开发
301338,专用设备
301339,软件开发
301345,交运设备
301348,半导体
301349,化学制品
301356,塑料制品
301358,电池
301359,电子元件
301370,贸易行业
301372,环保行业
301373,化学制品
301376,家用轻工
301377,通用设备
301378,软件开发
301380,互联网服务
301382,互联网服务
301386,电源设备
301387,消费电子
301389,电子元件
301391,计算机设备
301393,生物制品
301395,化学原料
301396,互联网服务
301397,汽车零部件
301398,汽车零部件
301399,通用设备
301408,医药商业
301413,电子元件
301418,专用设备
301421,光学光电子
301429,装修建材
301439,电网设备
301446,通用设备
301448,通用设备
301449,专业服务
301456,风电设备
301468,专用设备
301498,农牧饲渔
301499,汽车零部件
301500,环保行业
301501,--
301503,消费电子
301507,化学制药
301508,专业服务
301510,仪器仪表
301512,专用设备
301515,医疗器械
301516,电源设备
301517,电子元件
301518,化学制品
301519,专用设备
301520,医疗服务
301522,有色金属
301525,通用设备
301526,玻璃玻纤
301533,专用设备
301535,汽车零部件
301536,半导体
301538,塑料制品
301539,汽车零部件
301548,通用设备
301550,汽车零部件
301551,文化传媒
301552,汽车零部件
301555,化学制品
301556,软件开发
301557,风电设备
301558,贸易行业
301559,通用设备
301560,汽车零部件
301563,电子元件
301565,塑料制品
301566,电子元件
301567,消费电子
301568,专用设备
301571,电子元件
301575,家用轻工
301577,电子元件
301578,消费电子
301580,医疗器械
301581,汽车零部件
301584,医药商业
301585,化学制品
301586,航天航空
301588,家用轻工
301591,塑料制品
301598,专用设备
301600,通信设备
301606,消费电子
301607,汽车零部件
301616,通用设备
301618,化学制品
301622,电子元件
301626,消费电子
301631,--
301632,专业服务
301633,--
301636,光伏设备
301638,互联网服务
301656,汽车零部件
301658,光伏设备
301662,专用设备
301665,农药兽药
301667,汽车零部件
301668,--
301678,半导体
301680,汽车零部件
301696,国防军工
600000,银行
600004,交通运输
600006,汽车整车
600007,开发区
600008,环保行业
600009,交通运输
600010,钢铁行业
600011,电力行业
600012,高速公路
600015,金融行业
600016,金融行业
600017,港口水运
600018,交通运输
600019,钢铁行业
600020,高速公路
600021,电力行业
600022,钢铁行业
600023,电力行业
600025,公用事业
600026,交通运输
600027,电力行业
600028,石油行业
600029,交通运输
600030,金融行业
600031,机械行业
600032,公用事业
600033,高速公路
600035,高速公路
600036,金融行业
600037,文化传媒
600038,飞机制造
600039,建筑建材
600048,房地产
600050,电子信息
600051,综合行业
600052,公用事业
600053,多元金融
600055,医疗器械
600058,国际贸易
600059,酿酒行业
600060,家电行业
600061,化纤行业
600062,生物制药
600063,化纤行业
600064,房地产
600066,汽车制造
600067,电网设备
600071,光学光电子
600072,风电设备
600073,食品饮料
600075,化学原料
600076,木业家具
600078,化肥行业
600080,中药
600081,汽车行业
600082,房地产
600084,酿酒行业
600085,中药
600088,文化传媒
600089,发电设备
600094,房地产
600095,房地产
600096,化肥行业
600097,农牧饲渔
600098,电力行业
600099,交运设备
600100,计算机设备
600101,电力行业
600103,造纸印刷
600104,汽车整车
600105,通讯行业
600106,高速公路
600107,纺织服装
600108,农牧饲渔
600109,券商信托
600110,电池
600111,有色金属
600113,综合行业
600114,通用设备
600115,交通运输
600117,钢铁行业
600118,飞机制造
600119,交运物流
600120,多元金融
600121,煤炭采选
600123,煤炭采选
600125,交运物流
600126,钢铁行业
600127,农牧饲渔
600128,国际贸易
600129,中药
600131,电力行业
600132,酿酒行业
600133,工程建设
600135,塑料制品
600136,文化传媒
600137,纺织服装
600138,旅游酒店
600141,化工行业
600143,塑料制品
600148,汽车行业
600149,电力行业
600150,船舶制造
600151,光伏设备
600152,电池
600153,物资外贸
600155,券商信托
600156,纺织服装
600157,煤炭行业
600158,文化传媒
600159,房地产
600160,化工行业
600161,生物制药
600162,房地产
600163,电力行业
600165,化学制品
600166,汽车制造
600167,公用事业
600169,专用设备
600170,建筑建材
600171,电子器件
600172,非金属材料
600173,房地产
600176,玻璃行业
600177,服装鞋类
600178,汽车行业
600179,交运物流
600180,交运物流
600182,橡胶制品
600183,电子器件
600184,专用设备
600185,房地产
600186,食品饮料
600187,公用事业
600188,煤炭行业
600189,食品饮料
600191,食品饮料
600192,输配电气
600193,装修装饰
600195,农药兽药
600196,医药制造
600197,酿酒行业
600198,通信设备
600199,酿酒行业
600201,农药兽药
600202,电源设备
600203,消费电子
600206,小金属
600207,光伏设备
600208,房地产
600210,包装材料
600211,生物制品
600212,电力行业
600215,通用设备
600216,医药制造
600217,环保工程
600218,汽车零部件
600219,有色金属
600221,民航机场
600222,中药
600223,生物制品
600226,农药兽药
600227,化肥行业
600228,电子信息
600229,文化传媒
600231,钢铁行业
600233,服装鞋类
600234,房地产
600235,造纸印刷
600236,电力行业
600237,电子元件
600238,酿酒行业
600239,房地产服务
600241,电池
600243,机械行业
600246,房地产
600248,工程建设
600249,美容护理
600250,国际贸易
600252,中药
600255,有色金属
600256,石油行业
600257,农牧饲渔
600258,旅游酒店
600259,小金属
600261,家电行业
600262,专用设备
600265,农牧饲渔
600266,房地产
600267,医药制造
600268,输配电气
600269,高速公路
600271,互联网服务
600272,医药商业
600273,化工行业
600276,生物制药
600278,国际贸易
600279,港口水运
600280,商业百货
600281,小金属
600282,钢铁行业
600283,公用事业
600284,工程建设
600285,中药
600287,商业百货
600288,电子元件
600289,通信服务
600292,环保工程
600293,玻璃玻纤
600295,服装鞋类
600298,食品行业
600299,化工行业
600300,食品饮料
600301,小金属
600302,专用设备
600303,汽车整车
600305,食品饮料
600307,钢铁行业
600308,造纸印刷
600309,化工行业
600310,电力行业
600312,发电设备
600313,农牧饲渔
600315,美容护理
600316,飞机制造
600319,化学原料
600320,专用设备
600322,房地产服务
600323,环保行业
600325,房地产
600326,水泥建材
600327,医疗服务
600328,化学原料
600329,生物制药
600330,非金属材料
600331,有色金属
600332,生物制药
600333,燃气
600335,汽车服务
600336,家电行业
600337,木业家具
600338,有色金属
600339,化工行业
600340,房地产
600343,专用设备
600345,通讯行业
600346,机械行业
600348,煤炭行业
600350,高速公路
600351,中药
600352,化工行业
600353,电子元件
600354,农牧饲渔
600355,通信设备
600356,造纸印刷
600358,互联网服务
600359,农牧饲渔
600360,半导体
600361,有色金属
600362,有色金属
600363,电子器件
600365,酿酒行业
600367,化学原料
600368,高速公路
600369,金融行业
600370,化学制品
600371,农牧饲渔
600372,飞机制造
600373,文化传媒
600375,汽车整车
600376,房地产
600377,公路桥梁
600378,化工行业
600379,输配电气
600380,生物制药
600381,食品饮料
600382,钢铁行业
600383,房地产
600386,汽车服务
600388,环保行业
600389,农药兽药
600390,有色金属
600391,航天航空
600392,有色金属
600395,煤炭采选
600396,电力行业
600397,专用设备
600398,服装鞋类
600399,钢铁行业
600400,纺织服装
600403,煤炭采选
600405,电源设备
600406,电子信息
600408,煤炭采选
600409,化学原料
600410,互联网服务
600415,商业百货
600416,电机
600418,汽车整车
600419,食品饮料
600420,医药制造
600421,机械行业
600422,中药
600423,化学原料
600425,水泥建材
600426,农药化肥
600428,港口水运
600429,食品饮料
600435,机械行业
600436,生物制药
600438,农林牧渔
600439,工艺商品
600444,专用设备
600446,互联网服务
600448,纺织服装
600449,水泥建材
600452,电力行业
600455,文教休闲
600456,小金属
600458,风电设备
600459,小金属
600460,半导体
600461,公用事业
600463,房地产
600467,农牧饲渔
600468,输配电气
600469,橡胶制品
600470,化肥行业
600475,电源设备
600476,软件开发
600477,水泥建材
600478,电子元件
600479,中药
600480,汽车零部件
600481,光伏设备
600482,电器行业
600483,电力行业
600486,农药化肥
600487,电子信息
600488,医药制造
600489,有色金属
600490,有色金属
600491,工程建设
600493,纺织服装
600495,交运设备
600496,水泥建材
600497,有色金属
600498,电子信息
600499,机械行业
600500,化工行业
600501,专用设备
600502,工程建设
600503,房地产
600505,电力行业
600506,石油行业
600507,钢铁行业
600508,煤炭采选
600509,电力行业
600510,房地产开发
600511,商业百货
600512,工程建设
600513,医药制造
600515,商业百货
600516,其它行业
600517,发电设备
600518,中药
600519,酿酒行业
600520,专用设备
600521,生物制药
600522,电子信息
600523,汽车行业
600525,输配电气
600526,环保行业
600527,化纤行业
600528,建筑建材
600529,医疗器械
600530,生物制品
600531,有色金属
600533,房地产
600535,生物制药
600536,电子信息
600537,光伏设备
600538,医药商业
600539,环保行业
600540,农牧饲渔
600543,酿酒行业
600545,专用设备
600546,煤炭行业
600547,有色金属
600548,高速公路
600549,有色金属
600550,输配电气
600551,文化传媒
600552,光学光电子
600556,文化传媒
600557,中药
600558,通用设备
600559,酿酒行业
600560,专用设备
600561,高速公路
600562,电子信息
600563,电子器件
600566,生物制药
600567,造纸印刷
600568,综合行业
600569,钢铁行业
600570,电子信息
600571,互联网服务
600572,中药
600573,酿酒行业
600575,电力行业
600576,旅游酒店
600577,电网设备
600578,电力行业
600579,专用设备
600580,发电设备
600581,钢铁行业
600582,机械行业
600583,石油行业
600584,半导体
600585,水泥行业
600586,玻璃陶瓷
600587,医疗器械
600588,电子信息
600589,互联网服务
600590,输配电气
600592,机械行业
600593,旅游酒店
600594,中药
600595,有色金属
600596,农药兽药
600597,食品饮料
600598,农林牧渔
600599,化学制品
600600,酿酒行业
600601,电子信息
600602,电子器件
600603,物流行业
600604,房地产服务
600605,房地产服务
600606,房地产
600608,贸易行业
600609,汽车行业
600610,化学原料
600611,高速公路
600612,珠宝首饰
600613,医药制造
600615,小金属
600616,酿酒行业
600617,燃气
600618,化学原料
600619,家电行业
600620,综合行业
600621,券商信托
600622,房地产
600623,化学原料
600624,综合行业
600626,汽车零部件
600628,商业百货
600629,工程咨询服务
600630,纺织服装
600633,游戏
600635,燃气
600636,文教休闲
600637,传媒娱乐
600638,房地产
600639,房地产
600640,文化传媒
600641,半导体
600642,电力行业
600643,多元金融
600644,电力行业
600645,生物制品
600648,房地产
600649,房地产
600650,高速公路
600651,光学光电子
600653,汽车服务
600654,软件服务
600655,商业百货
600657,房地产
600658,房地产服务
600660,汽车制造
600661,文教休闲
600662,专业服务
600663,房地产
600664,医药制造
600665,房地产
600666,光学光电子
600667,工程建设
600668,水泥建材
600671,中药
600673,有色金属
600674,电力行业
600675,房地产
600676,汽车行业
600678,水泥建材
600679,交运设备
600681,燃气
600682,商业百货
600684,房地产服务
600685,船舶制造
600686,汽车整车
600688,石油行业
600689,纺织服装
600690,家电行业
600691,化肥行业
600692,房地产
600693,商业百货
600694,商业百货
600696,酿酒行业
600697,商业百货
600698,汽车零部件
600699,汽车制造
600702,酿酒行业
600703,光学光电子
600704,物资外贸
600706,旅游酒店
600707,电子器件
600708,房地产
600710,国际贸易
600711,能源金属
600712,商业百货
600713,医药商业
600714,化学原料
600715,游戏
600716,房地产
600717,港口水运
600718,互联网服务
600719,电力行业
600720,水泥行业
600721,医疗行业
600722,化学原料
600724,房地产开发
600725,煤炭行业
600726,电力行业
600727,化学原料
600728,软件开发
600729,商业百货
600730,文教休闲
600731,农药兽药
600732,光伏设备
600733,汽车整车
600734,互联网服务
600735,纺织服装
600736,房地产
600737,食品行业
600738,商业百货
600739,物资外贸
600740,煤炭采选
600741,汽车行业
600742,汽车行业
600743,房地产服务
600744,电力行业
600745,半导体
600746,化学原料
600748,房地产
600749,旅游酒店
600750,中药
600751,航运港口
600753,国际贸易
600754,酒店旅游
600755,国际贸易
600756,互联网服务
600757,文化传媒
600758,煤炭采选
600759,石油行业
600760,汽车制造
600761,工程机械
600763,医疗器械
600764,电子信息
600765,机械行业
600768,有色金属
600769,工程建设
600770,综合行业
600771,中药
600773,房地产
600774,化学制药
600775,通讯行业
600776,通讯行业
600777,石油行业
600778,商业百货
600779,酿酒行业
600780,电力行业
600782,钢铁行业
600783,非金属材料
600784,化学原料
600785,商业百货
600787,交运物流
600789,医药制造
600790,商业百货
600791,房地产
600792,煤炭采选
600793,造纸印刷
600794,交运物流
600795,电力行业
600796,环保行业
600797,电子信息
600798,港口水运
600800,化工行业
600801,水泥行业
600802,水泥建材
600803,农药化肥
600805,综合行业
600807,医疗器械
600808,钢铁行业
600809,酿酒行业
600810,化纤行业
600812,医药制造
600814,商业百货
600815,工程机械
600816,金融行业
600817,工程机械
600818,交运设备
600819,玻璃陶瓷
600820,建筑建材
600821,电力行业
600822,汽车服务
600824,商业百货
600825,文化传媒
600826,国际贸易
600827,商业百货
600828,商业百货
600829,医药商业
600830,多元金融
600831,文化传媒
600833,医药商业
600834,高速公路
600835,专用设备
600838,商业百货
600839,家电行业
600841,汽车整车
600843,专用设备
600844,化学原料
600845,电子信息
600846,工程建设
600847,电池
600848,房地产
600850,电子信息
600851,医药制造
600853,工程建设
600854,家电行业
600855,安防设备
600857,商业百货
600858,商业百货
600859,商业百货
600860,机械行业
600861,专业服务
600862,房地产
600863,电力行业
600864,券商信托
600865,商业百货
600866,食品饮料
600867,生物制品
600868,电力行业
600869,输配电气
600871,石油行业
600872,食品饮料
600873,食品行业
600874,环保行业
600875,发电设备
600876,光伏设备
600877,半导体
600879,飞机制造
600880,教育
600881,水泥建材
600882,食品饮料
600883,农牧饲渔
600884,服装鞋类
600885,电器行业
600886,电力行业
600887,食品行业
600888,有色金属
600889,机械设备
600892,游戏
600893,飞机制造
600894,专用设备
600895,房地产
600897,民航机场
600900,电力行业
600901,非银金融
600903,燃气
600905,公用事业
600906,非银金融
600908,银行
600909,非银金融
600916,珠宝首饰
600917,燃气
600918,非银金融
600919,银行
600925,煤炭行业
600926,银行
600927,非银金融
600928,银行
600929,化学原料
600930,公用事业
600933,汽车行业
600935,化学原料
600936,文化传媒
600938,石油石化
600939,工程建设
600941,通信服务
600955,化学原料
600956,燃气
600958,金融行业
600959,传媒娱乐
600960,汽车行业
600961,有色金属
600962,食品饮料
600963,造纸印刷
600965,农牧饲渔
600966,造纸印刷
600967,交通运输
600968,石油石化
600969,电力行业
600970,建筑建材
600971,煤炭采选
600973,输配电气
600975,农牧饲渔
600976,中药
600977,传媒
600979,电力行业
600980,小金属
600981,国际贸易
600982,电力行业
600983,家电行业
600984,工程机械
600985,化工行业
600986,文化传媒
600987,纺织服装
600988,有色金属
600989,基础化工
600990,通信设备
600992,通用设备
600993,中药
600995,电力行业
600996,文化传媒
600997,煤炭采选
600998,商业百货
600999,金融行业
601000,交通运输
601001,煤炭行业
601002,机械行业
601003,钢铁行业
601005,钢铁行业
601006,交通运输
601007,旅游酒店
601008,港口水运
601009,金融行业
601010,商业百货
601011,煤炭采选
601012,电子器件
601015,煤炭采选
601016,电力行业
601018,交通运输
601019,传媒
601020,有色金属
601021,交通运输
601022,航运港口
601026,风电设备
601033,环保行业
601038,专用设备
601058,汽车制造
601059,非银金融
601061,贸易行业
601065,化学原料
601066,非银金融
601068,工程建设
601069,贵金属
601077,银行
601083,航运港口
601086,商业百货
601088,煤炭行业
601089,化学制药
601096,电网设备
601098,传媒娱乐
601099,券商信托
601100,机械行业
601101,煤炭采选
601106,机械行业
601107,高速公路
601108,非银金融
601111,交通运输
601112,--
601113,化纤行业
601116,商业百货
601117,工程建设
601118,化工行业
601121,钢铁行业
601126,输配电气
601127,汽车
601128,银行
601133,工程建设
601136,非银金融
601137,有色金属
601138,电子
601139,供水供气
601155,房地产
601156,交通运输
601158,公用事业
601162,券商信托
601163,橡胶制品
601166,金融行业
601168,有色金属
601169,金融行业
601177,机械行业
601179,发电设备
601186,建筑建材
601187,银行
601188,高速公路
601198,金融行业
601199,公用事业
601200,环保工程
601208,塑料制品
601211,非银金融
601212,有色金属
601216,化工行业
601218,风电设备
601222,仪器仪表
601225,煤炭行业
601226,工程机械
601228,交通运输
601229,银行
601231,消费电子
601233,化纤行业
601236,非银金融
601238,汽车制造
601279,汽车行业
601288,金融行业
601298,交通运输
601311,电池
601318,金融行业
601319,非银金融
601326,港口水运
601328,金融行业
601330,环保工程
601333,交通运输
601336,金融行业
601339,纺织服装
601360,计算机
601366,商业百货
601368,公用事业
601369,机械行业
601375,券商信托
601377,金融行业
601388,有色金属
601390,建筑建材
601398,金融行业
601399,专用设备
601456,非银金融
601500,橡胶制品
601512,房地产
601515,包装材料
601518,高速公路
601519,软件服务
601528,银行
601555,金融行业
601566,纺织服装
601567,仪器仪表
601568,化学原料
601577,银行
601579,酿酒行业
601588,房地产服务
601595,文化传媒
601598,交通运输
601599,纺织服装
601600,有色金属
601601,金融行业
601606,专用设备
601607,商业百货
601608,机械行业
601609,有色金属
601611,建筑装饰
601615,电力设备
601616,输配电气
601618,建筑建材
601619,电力行业
601628,金融行业
601633,汽车制造
601636,玻璃陶瓷
601658,银行
601665,银行
601666,煤炭行业
601668,建筑建材
601669,建筑建材
601677,有色金属
601678,化学原料
601686,钢铁行业
601688,金融行业
601689,汽车制造
601696,券商信托
601698,国防军工
601699,煤炭行业
601700,输配电气
601702,有色金属
601717,机械行业
601718,纺织服装
601727,电源设备
601728,通信
601766,交通运输
601777,汽车整车
601778,电力行业
601788,金融行业
601789,工程建设
601798,专用设备
601799,汽车制造
601800,建筑建材
601801,文化传媒
601808,石油行业
601811,文化传媒
601816,交通运输
601818,金融行业
601825,银行
601827,环保工程
601828,商业百货
601838,银行
601857,石油行业
601858,文化传媒
601860,银行
601865,电力设备
601866,交通运输
601868,建筑装饰
601869,通讯行业
601872,交通运输
601877,发电设备
601878,非银金融
601880,交通运输
601881,非银金融
601882,机械行业
601886,装修装饰
601888,酒店旅游
601890,船舶制造
601898,煤炭行业
601899,有色金属
601900,文化传媒
601901,金融行业
601908,光伏设备
601916,银行
601918,煤炭行业
601919,交通运输
601921,传媒
601928,传媒娱乐
601929,文化传媒
601933,商业百货
601939,金融行业
601949,文化传媒
601952,农牧饲渔
601956,家电行业
601958,有色金属
601963,银行
601965,汽车制造
601966,汽车
601968,包装材料
601969,钢铁行业
601975,港口水运
601985,公用事业
601988,金融行业
601990,非银金融
601991,电力行业
601992,水泥建材
601995,非银金融
601996,木业家具
601997,银行
601998,金融行业
601999,文化传媒
603000,电子信息
603001,纺织服装
603002,电子化学品
603004,化学原料
603005,半导体
603006,汽车行业
603007,汽车零部件
603008,木业家具
603009,汽车行业
603010,化学制品
603011,专用设备
603012,专用设备
603013,汽车行业
603014,医疗器械
603015,专用设备
603016,输配电气
603017,工程咨询服务
603018,工程咨询服务
603019,电子信息
603020,食品饮料
603021,玻璃陶瓷
603022,包装材料
603023,汽车行业
603025,专用设备
603026,化工行业
603027,食品饮料
603028,通用设备
603029,专用设备
603030,装修装饰
603031,电池
603032,电池
603033,橡胶制品
603035,汽车行业
603036,专用设备
603037,汽车行业
603038,装修装饰
603039,软件服务
603040,汽车零部件
603041,化工行业
603042,通讯行业
603043,食品饮料
603045,有色金属
603048,汽车行业
603049,汽车
603050,输配电气
603051,塑料制品
603052,电子元件
603053,燃气
603055,纺织服装
603056,交运物流
603057,食品饮料
603058,造纸印刷
603059,美容护理
603060,专业服务
603061,半导体
603062,化学原料
603063,风电设备
603065,化学原料
603066,交运物流
603067,化学原料
603068,半导体
603069,高速公路
603070,电网设备
603071,国际贸易
603072,小金属
603073,纺织服装
603075,家电行业
603076,专用设备
603077,化工行业
603078,电子化学品
603079,食品饮料
603080,燃气
603081,专用设备
603082,通用设备
603083,通讯行业
603085,汽车零部件
603086,农药兽药
603087,医药生物
603088,通用设备
603089,汽车行业
603090,机械行业
603091,家用轻工
603092,--
603093,多元金融
603095,专用设备
603096,文化传媒
603097,电网设备
603098,工程建设
603099,旅游酒店
603100,仪器仪表
603101,商业百货
603102,食品饮料
603103,文化传媒
603105,光伏设备
603106,计算机设备
603107,汽车零部件
603108,医疗服务
603109,通用设备
603110,化工行业
603111,交运设备
603112,家电行业
603113,化学原料
603115,电子元件
603116,纺织服装
603117,交运物流
603118,通信设备
603119,非金属材料
603120,化学制品
603121,汽车行业
603122,医药商业
603123,多元金融
603124,--
603125,化学制品
603126,环保工程
603127,医疗行业
603128,交运物流
603129,汽车
603130,纺织服装
603131,机械行业
603132,有色金属
603135,专用设备
603136,旅游酒店
603137,装修建材
603138,软件开发
603139,中药
603150,塑料制品
603151,农牧饲渔
603153,工程咨询服务
603155,化工行业
603156,食品饮料
603158,汽车行业
603159,专用设备
603160,电子
603161,汽车行业
603162,航运港口
603163,工程建设
603165,造纸印刷
603166,汽车行业
603167,港口水运
603168,医药制造
603169,专用设备
603170,食品饮料
603171,互联网服务
603172,化学原料
603173,通用设备
603175,电子元件
603176,工程建设
603177,环保工程
603178,汽车行业
603179,汽车
603180,木业家具
603181,塑料制品
603182,食品饮料
603183,专业服务
603185,光伏设备
603186,电子元件
603187,通用设备
603188,化工行业
603189,软件服务
603190,汽车零部件
603191,电网设备
603192,化工行业
603193,美容护理
603194,工程机械
603195,轻工制造
603196,纺织服装
603197,汽车行业
603198,酿酒行业
603199,旅游酒店
603200,环保工程
603201,汽车零部件
603202,汽车零部件
603203,专用设备
603205,--
603206,通信服务
603207,化学制药
603208,木业家具
603209,航运港口
603210,汽车零部件
603211,汽车零部件
603212,光伏设备
603213,化学原料
603214,商业百货
603215,家电行业
603216,装修装饰
603217,化工行业
603218,风电设备
603219,家电行业
603220,通信服务
603221,塑胶制品
603222,医药制造
603223,交运物流
603225,化纤行业
603226,木业家具
603227,化学制品
603228,电子
603229,医药制造
603230,文化传媒
603231,农牧饲渔
603232,软件服务
603233,医药生物
603235,食品饮料
603236,通信设备
603237,食品饮料
603238,美容护理
603239,汽车行业
603248,风电设备
603255,化学制品
603256,玻璃陶瓷
603257,工程咨询服务
603258,游戏
603259,医药生物
603260,非金属材料
603261,航天航空
603262,食品饮料
603266,塑胶制品
603267,电子元件
603268,船舶制造
603269,机械行业
603270,通用设备
603271,有色金属
603272,装修装饰
603273,专用设备
603275,仪器仪表
603276,化学原料
603277,机械行业
603278,通用设备
603279,通用设备
603280,专用设备
603281,化学制品
603282,专用设备
603283,专用设备
603284,--
603285,化学制品
603286,汽车行业
603288,食品行业
603290,电子
603291,公用事业
603296,电子
603297,光学光电子
603298,工程机械
603299,化学原料
603300,专用设备
603301,医疗器械
603303,家电行业
603305,汽车行业
603306,汽车行业
603307,纺织服装
603308,通用设备
603309,医疗器械
603310,化学原料
603311,家电行业
603312,电网设备
603313,木业家具
603315,机械行业
603316,工程建设
603317,食品饮料
603318,燃气
603319,汽车行业
603320,电机
603321,专用设备
603322,通信服务
603323,银行
603324,半导体
603325,通用设备
603326,木业家具
603327,消费电子
603328,电子元件
603329,交运物流
603330,光伏设备
603331,通用设备
603332,化纤行业
603333,输配电气
603335,汽车行业
603336,农牧饲渔
603337,专用设备
603338,机械行业
603339,机械行业
603341,电子
603344,电机
603345,食品饮料
603348,汽车行业
603350,电机
603351,医药制造
603352,汽车零部件
603353,石油行业
603355,家电行业
603356,专用设备
603357,工程咨询服务
603358,汽车行业
603359,环保行业
603360,农药兽药
603363,农牧饲渔
603365,纺织服装
603366,家电行业
603367,医药制造
603368,医药商业
603369,酿酒行业
603370,电机
603373,专业服务
603375,电子元件
603376,汽车零部件
603377,汽车服务
603378,装修建材
603379,化工行业
603380,消费电子
603381,光伏设备
603382,化纤行业
603383,软件服务
603385,装修装饰
603386,电子元件
603387,医疗器械
603389,木业家具
603390,汽车零部件
603391,通用设备
603392,生物制品
603393,燃气
603395,化肥行业
603396,光伏设备
603398,光伏设备
603399,小金属
603400,通用设备
603402,旅游酒店
603406,化纤行业
603408,装修装饰
603409,汽车零部件
603416,专用设备
603418,汽车零部件
603421,通信服务
603429,造纸印刷
603439,中药
603444,传媒
603456,医药制造
603458,工程咨询服务
603466,文化传媒
603477,农牧饲渔
603486,家用电器
603488,专用设备
603489,电机
603496,互联网服务
603499,造纸印刷
603500,交运设备
603501,电子
603505,采掘行业
603506,房地产服务
603507,风电设备
603508,软件开发
603511,纺织服装
603515,家电行业
603516,安防设备
603517,食品饮料
603518,纺织服装
603519,家电行业
603520,医药制造
603527,有色金属
603528,软件开发
603529,交运设备
603530,输配电气
603533,文化传媒
603535,交运物流
603536,食品饮料
603538,医药制造
603551,家电行业
603556,输配电气
603557,纺织服装
603558,纺织服装
603559,通信服务
603565,交通运输
603566,农药兽药
603567,中药
603568,其它行业
603569,交运物流
603577,输配电气
603578,家电行业
603579,家电行业
603580,塑胶制品
603583,专用设备
603585,农药兽药
603586,汽车行业
603587,纺织服装
603588,环保工程
603589,食品饮料
603590,生物制品
603595,消费电子
603596,汽车行业
603598,文化传媒
603599,农药兽药
603600,木业家具
603601,玻璃玻纤
603602,通信服务
603605,美容护理
603606,电器行业
603607,造纸印刷
603608,纺织服装
603609,农牧饲渔
603610,木业家具
603611,工程机械
603612,非金属材料
603613,电子信息
603615,塑胶制品
603616,水泥建材
603617,机械行业
603618,输配电气
603619,采掘行业
603626,消费电子
603628,光伏设备
603629,消费电子
603630,美容护理
603633,汽车零部件
603636,互联网服务
603637,工程建设
603638,工程机械
603639,农药兽药
603648,交运物流
603650,橡胶制品
603655,汽车行业
603656,专用设备
603657,家电行业
603658,医疗器械
603659,电池
603660,计算机设备
603661,木业家具
603662,仪器仪表
603663,化学原料
603665,纺织服装
603666,专用设备
603667,机械行业
603668,农牧饲渔
603669,医药制造
603676,医药制造
603677,家电行业
603678,电子元件
603679,光学光电子
603680,交运设备
603681,化学制品
603682,房地产服务
603683,化工行业
603685,光学光电子
603686,环保行业
603687,包装材料
603688,其它行业
603689,燃气
603690,专用设备
603693,电力行业
603696,食品饮料
603697,食品饮料
603698,专业服务
603699,机械行业
603700,仪器仪表
603701,汽车零部件
603703,光学光电子
603706,燃气
603707,医药制造
603708,商业百货
603709,木业家具
603711,食品饮料
603712,通讯行业
603713,交运物流
603716,医药商业
603717,农牧饲渔
603718,医疗器械
603719,食品饮料
603721,文化传媒
603722,塑料制品
603725,化学制品
603726,家电行业
603727,采掘行业
603728,电机
603729,文化传媒
603730,汽车行业
603733,造纸印刷
603737,建筑材料
603738,电子元件
603739,农牧饲渔
603755,食品饮料
603757,机械行业
603758,汽车行业
603759,公用事业
603766,摩托车
603767,汽车行业
603768,汽车行业
603773,光学光电子
603776,专业服务
603777,食品饮料
603778,光伏设备
603779,酿酒行业
603786,汽车行业
603787,交运设备
603788,汽车行业
603789,专用设备
603790,化工行业
603797,环保工程
603798,石油行业
603799,有色金属
603800,专用设备
603801,木业家具
603803,通讯行业
603806,塑料制品
603808,纺织服装
603809,汽车行业
603810,农药兽药
603811,医药制造
603813,交运物流
603815,工程建设
603816,轻工制造
603817,环保工程
603818,木业家具
603819,电机
603822,化工行业
603823,化工行业
603825,文化传媒
603826,非金属材料
603828,装修装饰
603829,输配电气
603833,轻工制造
603836,交运物流
603838,装修建材
603839,纺织服装
603843,工程建设
603848,家用轻工
603855,专用设备
603856,装修建材
603858,中药
603859,软件服务
603860,工程咨询服务
603861,输配电气
603863,造纸印刷
603866,食品饮料
603867,化工行业
603868,家电行业
603869,电子信息
603871,交运物流
603876,有色金属
603877,纺织服装
603878,钢铁行业
603879,塑料制品
603880,医疗器械
603881,互联网服务
603882,医疗行业
603883,医药商业
603885,其它行业
603886,食品饮料
603887,电子信息
603888,文化传媒
603889,纺织服装
603890,消费电子
603893,电子
603895,专用设备
603896,中药
603897,输配电气
603898,木业家具
603899,轻工制造
603900,珠宝首饰
603901,专用设备
603903,环保工程
603906,电池
603908,纺织服装
603909,工程咨询服务
603912,专用设备
603915,机械行业
603916,化工行业
603917,汽车行业
603918,互联网服务
603919,酿酒行业
603920,电子元件
603922,汽车行业
603926,汽车行业
603927,计算机
603928,塑料制品
603929,装修装饰
603931,电子化学品
603933,半导体
603936,电子元件
603937,有色金属
603939,商业百货
603948,化工行业
603949,汽车行业
603950,汽车行业
603955,工程建设
603956,专用设备
603958,纺织服装
603959,工程咨询服务
603960,专用设备
603966,专用设备
603967,交运物流
603968,化工行业
603969,通用设备
603970,农药兽药
603976,医疗器械
603977,化工行业
603978,有色金属
603979,有色金属
603980,化工行业
603982,汽车行业
603983,美容护理
603985,风电设备
603986,电子
603987,医疗器械
603988,电机
603989,电子元件
603990,软件服务
603991,塑胶制品
603992,装修建材
603993,有色金属
603995,钢铁行业
603997,汽车行业
603998,中药
603999,文化传媒
605001,交运设备
605003,纺织服装
605005,汽车行业
605006,玻璃陶瓷
605007,造纸印刷
605008,塑料制品
605009,美容护理
605011,公用事业
605016,食品饮料
605018,汽车行业
605020,化工行业
605028,电力行业
605033,农药兽药
605050,交运物流
605055,纺织服装
605056,仪器仪表
605058,电子元件
605060,机械行业
605066,输配电气
605068,汽车行业
605069,环保工程
605077,食品饮料
605080,纺织服装
605081,环保工程
605086,采掘行业
605088,汽车行业
605089,食品饮料
605090,燃气
605098,文教休闲
605099,家用轻工
605100,机械行业
605108,旅游酒店
605111,半导体
605116,医药制造
605117,光伏设备
605118,光学光电子
605122,水泥建材
605123,通用设备
605128,汽车行业
605133,汽车行业
605136,商业百货
605138,纺织服装
605151,汽车零部件
605155,装修装饰
605158,钢铁行业
605162,公用事业
605166,化工行业
605167,专用设备
605168,文化传媒
605169,燃气
605177,医药制造
605178,装修装饰
605179,食品饮料
605180,纺织服装
605183,橡胶制品
605186,医疗行业
605188,商业百货
605189,纺织服装
605196,输配电气
605198,食品饮料
605199,中药
605208,汽车行业
605218,光学光电子
605222,输配电气
605228,汽车行业
605255,汽车零部件
605258,电子元件
605259,机械行业
605266,医药商业
605268,家用轻工
605277,消费电子
605286,专用设备
605287,装修装饰
605288,专用设备
605289,装修装饰
605296,农牧饲渔
605298,交运设备
605299,家用轻工
605300,食品饮料
605303,工程建设
605305,风电设备
605318,装修装饰
605319,汽车行业
605333,汽车行业
605336,家电行业
605337,食品饮料
605338,食品饮料
605339,食品饮料
605358,电子
605365,家电行业
605366,化工行业
605368,燃气
605369,医疗器械
605376,小金属
605377,造纸印刷
605378,电池
605388,食品饮料
605389,工程机械
605398,互联网服务
605399,化工行业
605488,塑胶制品
605499,食品饮料
605500,造纸印刷
605507,医药制造
605555,家电行业
605566,化工行业
605567,食品饮料
605577,文化传媒
605580,电力行业
605588,半导体
605589,化工行业
605598,工程建设
605599,珠宝首饰
688001,专用设备
688002,国防军工
688003,通用设备
688004,互联网服务
688005,电池
688006,电池
688007,消费电子
688008,电子
688009,交运设备
688010,光学光电子
688011,光学光电子
688012,电子
688013,医疗器械
688015,交运设备
688016,医疗器械
688017,机械行业
688018,电子
688019,电子
688020,电子元件
688021,环保行业
688022,专用设备
688023,软件开发
688025,电子元件
688026,塑胶制品
688027,通信
688028,通用设备
688029,医疗器械
688030,软件服务
688031,软件开发
688032,光伏设备
688033,光伏设备
688035,电子元件
688036,消费电子
688037,电子
688038,软件开发
688039,互联网服务
688041,电子
688045,半导体
688046,生物制品
688047,半导体
688048,半导体
688049,半导体
688050,医疗器械
688051,互联网服务
688052,半导体
688053,电子元件
688055,光学光电子
688056,仪器仪表
688057,环保工程
688058,软件服务
688059,通用设备
688060,软件服务
688061,半导体
688062,生物制品
688063,电池
688065,化学制品
688066,航天航空
688067,医疗器械
688068,医疗器械
688069,环保工程
688070,航天航空
688071,汽车行业
688072,半导体
688073,生物制品
688075,医疗器械
688076,化学制药
688077,小金属
688078,软件服务
688079,光学光电子
688080,通信设备
688081,通信服务
688082,半导体
688083,软件服务
688084,专用设备
688085,医疗器械
688087,塑胶制品
688088,互联网服务
688089,食品饮料
688090,专用设备
688091,医药制造
688092,专用设备
688093,电子元件
688095,软件服务
688096,环保行业
688097,专用设备
688098,农药兽药
688099,半导体
688100,通信
688101,环保行业
688102,有色金属
688103,电子元件
688105,医疗器械
688106,电子化学品
688107,半导体
688108,医疗器械
688109,软件服务
688110,半导体
688111,计算机
688112,仪器仪表
688113,专用设备
688114,医疗器械
688115,仪器仪表
688116,化学制品
688117,医药制造
688118,软件服务
688119,非金属材料
688120,半导体
688121,专用设备
688122,国防军工
688123,半导体
688125,专用设备
688126,半导体
688127,光学光电子
688128,专用设备
688129,化工行业
688130,半导体
688131,医药制造
688132,通信设备
688133,专业服务
688135,半导体
688136,生物制品
688137,生物制品
688138,半导体
688139,医疗器械
688141,半导体
688143,电子元件
688146,电子化学品
688147,半导体
688148,电池
688150,光学光电子
688151,专用设备
688152,软件开发
688153,半导体
688155,电池
688156,农牧饲渔
688157,化工行业
688158,电子信息
688159,通讯行业
688160,专用设备
688161,医疗器械
688162,专用设备
688163,生物制品
688165,机械行业
688166,医药制造
688167,半导体
688168,软件服务
688169,家用电器
688170,专用设备
688171,软件开发
688172,半导体
688173,半导体
688175,通信设备
688176,生物制品
688177,生物制品
688178,环保工程
688179,化学制品
688180,生物制品
688181,光学光电子
688182,通讯行业
688183,电子元件
688184,电池
688185,生物制品
688186,风电设备
688187,交运设备
688188,计算机
688189,医药制造
688190,小金属
688191,电网设备
688192,化学制药
688193,生物制品
688195,光学光电子
688196,化学制品
688197,生物制品
688198,医疗器械
688199,化工行业
688200,半导体
688201,软件开发
688202,医疗服务
688203,化纤行业
688205,光学光电子
688206,软件开发
688207,软件开发
688208,计算机设备
688209,半导体
688210,电子元件
688211,交运物流
688212,医疗器械
688213,半导体
688215,专用设备
688216,半导体
688217,医疗器械
688218,专用设备
688219,塑胶制品
688220,半导体
688221,医药制造
688222,医疗行业
688223,光伏设备
688225,软件开发
688226,输配电气
688227,软件开发
688228,互联网服务
688229,互联网服务
688230,半导体
688231,有色金属
688232,软件服务
688233,半导体
688234,半导体
688235,生物制品
688236,医疗器械
688237,航天航空
688238,医疗服务
688239,航天航空
688244,软件开发
688246,医疗服务
688247,生物制品
688248,电网设备
688249,半导体
688251,通用设备
688252,半导体
688253,生物制品
688255,专用设备
688256,半导体
688257,有色金属
688258,互联网服务
688259,半导体
688260,消费电子
688261,半导体
688262,半导体
688265,生物制品
688266,医药制造
688267,化学原料
688268,电子化学品
688269,化工行业
688270,半导体
688271,医疗器械
688272,光学光电子
688273,医疗器械
688275,电池
688276,生物制品
688277,医疗器械
688278,生物制品
688279,半导体
688280,汽车行业
688281,国防军工
688282,通信设备
688283,专用设备
688285,交运设备
688286,半导体
688287,航天航空
688288,计算机设备
688289,医疗器械
688290,专用设备
688291,软件开发
688292,互联网服务
688293,专业服务
688295,化纤行业
688296,软件服务
688297,国防军工
688298,医疗器械
688299,光学光电子
688300,非金属材料
688301,医疗器械
688302,生物制品
688303,光伏设备
688305,机械行业
688306,专用设备
688307,光学光电子
688308,通用设备
688309,环保工程
688310,专用设备
688311,通信设备
688312,专用设备
688313,通讯行业
688314,医疗器械
688315,医疗行业
688316,互联网服务
688317,医疗器械
688318,软件服务
688319,生物制品
688320,仪器仪表
688321,医药制造
688322,电子元件
688323,塑胶制品
688325,半导体
688326,汽车零部件
688327,软件开发
688328,专用设备
688329,专用设备
688330,输配电气
688331,生物制品
688332,半导体
688333,通用设备
688334,专业服务
688335,环保工程
688336,生物制品
688337,仪器仪表
688338,医疗器械
688339,电池
688343,软件开发
688345,电池
688347,半导体
688348,光伏设备
688349,风电设备
688350,化工行业
688351,医疗器械
688352,半导体
688353,化学制品
688355,通用设备
688356,化学制药
688357,非金属材料
688358,医疗器械
688359,电子化学品
688360,机械行业
688361,半导体
688362,半导体
688363,美容护理
688365,互联网服务
688366,医疗器械
688367,交运设备
688368,半导体
688369,软件服务
688370,环保行业
688371,电子元件
688372,半导体
688373,生物制品
688375,国防军工
688376,环保行业
688377,专用设备
688378,专用设备
688379,通用设备
688380,半导体
688381,半导体
688382,生物制品
688383,专用设备
688385,半导体
688386,塑胶制品
688387,通信
688388,电池
688390,光伏设备
688391,半导体
688392,专用设备
688393,医疗器械
688395,电机
688396,半导体
688398,化学制品
688399,医疗器械
688400,专用设备
688401,半导体
688403,半导体
688408,光伏设备
688409,半导体
688410,医疗器械
688411,电源设备
688416,半导体
688419,专用设备
688420,专用设备
688425,工程机械
688426,生物制品
688428,生物制品
688429,光伏设备
688432,半导体
688433,通用设备
688435,软件开发
688439,半导体
688443,生物制品
688448,通用设备
688449,半导体
688450,仪器仪表
688455,通用设备
688458,半导体
688459,交运设备
688466,环保工程
688468,医疗器械
688469,半导体
688472,光伏设备
688475,家电行业
688478,半导体
688479,汽车服务
688480,环保行业
688484,半导体
688485,环保行业
688486,半导体
688489,电子元件
688496,电子元件
688499,电池
688500,电子信息
688501,专用设备
688502,光学光电子
688503,光伏设备
688505,医药制造
688506,生物制品
688507,软件开发
688508,半导体
688509,电子信息
688510,航天航空
688512,半导体
688515,半导体
688516,光伏设备
688518,专用设备
688519,电子元件
688520,生物制品
688521,半导体
688522,计算机设备
688523,航天航空
688525,半导体
688526,农药兽药
688528,仪器仪表
688529,专用设备
688530,半导体
688531,专用设备
688533,汽车零部件
688535,半导体
688536,半导体
688538,光学光电子
688539,电子元件
688545,电子化学品
688548,电子化学品
688549,电子化学品
688550,电子化学品
688552,通信设备
688553,医药制造
688556,光伏设备
688557,通用设备
688558,机械行业
688559,专用设备
688560,光伏设备
688562,互联网服务
688563,国防军工
688567,电池
688568,互联网服务
688569,交运设备
688570,软件开发
688571,化工行业
688573,电池
688575,医疗器械
688576,医疗器械
688577,机械行业
688578,医药制造
688579,软件服务
688580,医疗器械
688581,医疗器械
688582,电子元件
688583,仪器仪表
688584,半导体
688585,塑料制品
688586,航天航空
688588,软件服务
688589,半导体
688590,软件服务
688591,半导体
688592,计算机设备
688593,半导体
688595,半导体
688596,专用设备
688597,电网设备
688598,光伏设备
688599,光伏设备
688600,仪器仪表
688601,半导体
688602,化学制品
688603,电子元件
688605,半导体
688606,医疗器械
688607,医疗器械
688608,半导体
688609,通信设备
688610,仪器仪表
688611,输配电气
688612,汽车零部件
688613,医疗器械
688615,软件开发
688616,电网设备
688617,医疗器械
688618,通讯行业
688619,互联网服务
688620,半导体
688621,医疗服务
688622,仪器仪表
688623,专用设备
688625,化工行业
688626,医疗器械
688627,专用设备
688628,仪器仪表
688629,国防军工
688630,专用设备
688631,软件开发
688633,专用设备
688636,互联网服务
688638,电池
688639,化工行业
688646,专用设备
688648,通用设备
688651,软件开发
688652,半导体
688653,半导体
688655,电子元件
688656,医疗器械
688657,软件开发
688658,医药制造
688659,环保行业
688660,风电设备
688661,半导体
688662,电子元件
688663,电网设备
688665,仪器仪表
688667,汽车行业
688668,通信设备
688669,塑料制品
688671,仪器仪表
688676,输配电气
688677,医疗器械
688678,消费电子
688679,环保工程
688680,光伏设备
688681,输配电气
688682,通信服务
688683,消费电子
688685,航天航空
688686,仪器仪表
688687,生物制品
688689,半导体
688690,化学制药
688691,半导体
688692,软件开发
688693,半导体
688695,软件开发
688697,机械行业
688698,专用设备
688699,半导体
688700,专用设备
688701,环保工程
688702,半导体
688707,电池
688708,非金属材料
688709,半导体
688710,生物制品
688711,半导体
688716,塑料制品
688717,光伏设备
688718,专用设备
688720,半导体
688721,半导体
688722,化纤行业
688726,光伏设备
688727,半导体
688728,半导体
688729,半导体
688733,非金属材料
688737,化工行业
688739,生物制品
688750,--
688755,专用设备
688757,专业服务
688758,化学原料
688759,生物制品
688765,生物制品
688766,半导体
688767,医疗器械
688768,仪器仪表
688772,电池
688775,消费电子
688776,电子元件
688777,软件服务
688778,电池
688779,电池
688783,半导体
688785,电源设备
688786,有色金属
688787,电子信息
688788,通信设备
688789,专用设备
688790,半导体
688793,家电行业
688795,半导体
688796,医疗服务
688798,半导体
688799,医药制造
688800,电子元件
688802,半导体
688805,医疗器械
688807,半导体
688809,半导体
688816,--
688818,--
688819,电池
688981,半导体
689009,交运设备
